{"cameraMode":{"drawMode":0,"name":"Shaded","section":"Shading Mode"},"sceneLighting":true,"audioPlay":false,"sceneViewState":{"showFog":true,"showMaterialUpdate":false,"showSkybox":true,"showFlares":true,"showImageEffects":true,"showParticleSystems":true},"in2DMode":false,"pivot":{"x":-32.66358184814453,"y":-22.04555892944336,"z":45.04206466674805},"rotation":{"x":0.17783983051776887,"y":-0.3595362603664398,"z":0.07003775238990784,"w":0.9133873581886292},"size":39.68234634399414,"orthographic":false}